60,,,,,,,,,,,,,,,,,,,,,,,,,,,,,,,,,,,,,,,,,,,,,,
9999,9999999,C4,AU6,C7,,,,,,,,,,,,,,,,,,,,,,,,,,,,,,,,,,,,,,,,,,
9999,9999999,C7,AU9,C11,,,,,,,,,,,,,,,,,,,,,,,,,,,,,,,,,,,,,,,,,,
9999,9999999,AS13,BD14,C15,,,,,,,,,,,,,,,,,,,,,,,,,,,,,,,,,,,,,,,,,,
9999,9999999,AS14,BD16,C17,,,,,,,,,,,,,,,,,,,,,,,,,,,,,,,,,,,,,,,,,,
9999,9999999,C10,AU12,C14,,,,,,,,,,,,,,,,,,,,,,,,,,,,,,,,,,,,,,,,,,
9999,9999999,C7,AS9,,C19,AS21,,,,,,,,,,,,,,,,,,,,,,,,,,,,,,,,,,,,,,,,
9999,9999999,C7,AS9,BD11,C12,,C14,AS16,BD17,C18,,C17,AS19,BD20,C21,,C19,AS21,BD23,C24,,,,,,,,,,,,,,,,,,,,,,,,,,
9999,9999999,AS2,BD4,C5,,AS11,BD13,C14,,AS20,BD22,C23,,,,,,,,,,,,,,,,,,,,,,,,,,,,,,,,,,
9999,9999999,C6,BE7,,C9,BE10,,C12,BE13,,C15,BE16,,C18,BE19,,,,,,,,,,,,,,,,,,,,,,,,,,,,,,,
9999,9999999,C7,AX8,,C19,AX20,,,,,,,,,,,,,,,,,,,,,,,,,,,,,,,,,,,,,,,,
9999,9999999,C6,AR7,,C12,AR13,,C15,AR16,,,,,,,,,,,,,,,,,,,,,,,,,,,,,,,,,,,,,
9999,9999999,BF2,AU3,,BF5,AU6,,BF9,AU10,,BF14,AU15,,BF18,AU19,,,,,,,,,,,,,,,,,,,,,,,,,,,,,,,
9999,9999999,BF5,BG6,,BF14,BG15,,BF17,BG18,,,,,,,,,,,,,,,,,,,,,,,,,,,,,,,,,,,,,
9999,9999999,BF1,AS2,,BF6,AS7,,BF9,AS10,,BF12,AS13,,BF15,AS16,,BF18,AS19,,BF21,AS22,,,,,,,,,,,,,,,,,,,,,,,,,
9999,9999999,BF1,BH2,,BF13,BH14,,BF21,BH22,,,,,,,,,,,,,,,,,,,,,,,,,,,,,,,,,,,,,
9999,9999999,BF2,BI3,,BF17,BI18,,,,,,,,,,,,,,,,,,,,,,,,,,,,,,,,,,,,,,,,
9999,9999999,BF3,BK4,,BF11,BK12,,BF19,BK20,,,,,,,,,,,,,,,,,,,,,,,,,,,,,,,,,,,,,
9999,9999999,BF7,AW8,,BF10,AW11,,BF16,AW17,,,,,,,,,,,,,,,,,,,,,,,,,,,,,,,,,,,,,
9999,9999999,BF9,AY10,,BF15,AY16,,BF21,AY22,,,,,,,,,,,,,,,,,,,,,,,,,,,,,,,,,,,,,
9999,9999999,BF5,BC6,,BF6,BC7,,BF9,BC10,,BF15,BC16,,BF19,BC20,,BF20,BC21,,,,,,,,,,,,,,,,,,,,,,,,,,,,
9999,9999999,BF3,BL4,,BF4,BL5,,BF7,BL8,,BF12,BL13,,BF14,BL15,,BF17,BL18,,BF20,BL21,,,,,,,,,,,,,,,,,,,,,,,,,
9999,9999999,BF6,BM7,,BF11,BM12,,BF14,BM15,,BF17,BM18,,,,,,,,,,,,,,,,,,,,,,,,,,,,,,,,,,
9999,9999999,AU3,AT4,,,,,,,,,,,,,,,,,,,,,,,,,,,,,,,,,,,,,,,,,,,
9999,9999999,AE18,BL19,,,,,,,,,,,,,,,,,,,,,,,,,,,,,,,,,,,,,,,,,,,
9999,9999999,AE1,BG2,,AE11,BG12,,AE17,BG18,,AE20,BG21,,,,,,,,,,,,,,,,,,,,,,,,,,,,,,,,,,
9999,9999999,AE6,AY7,,AE12,AY13,,AE21,AY22,,,,,,,,,,,,,,,,,,,,,,,,,,,,,,,,,,,,,
9999,9999999,AE11,AS12,,AE12,AS13,,AE15,AS16,,AE19,AS20,,,,,,,,,,,,,,,,,,,,,,,,,,,,,,,,,,
9999,9999999,AE15,BC16,,AE21,BC22,,,,,,,,,,,,,,,,,,,,,,,,,,,,,,,,,,,,,,,,
9999,9999999,AE5,AD6,,AE8,AD9,,AE12,AD13,,AE16,AD17,,,,,,,,,,,,,,,,,,,,,,,,,,,,,,,,,,
9999,9999999,AE6,AD7,,AE13,AD14,,AE19,AD20,,,,,,,,,,,,,,,,,,,,,,,,,,,,,,,,,,,,,
9999,9999999,AE10,AD11,,AE16,AD17,,,,,,,,,,,,,,,,,,,,,,,,,,,,,,,,,,,,,,,,
9999,9999999,AE7,AD8,,AE14,AD15,,AE17,AD18,,,,,,,,,,,,,,,,,,,,,,,,,,,,,,,,,,,,,
9999,9999999,AE1,AD2,,AE10,AD11,,AE13,AD14,,AE15,AD16,,AE19,AD20,,,,,,,,,,,,,,,,,,,,,,,,,,,,,,,
9999,9999999,AE3,AD4,,AE9,AD10,,AE15,AD16,,AE18,AD19,,,,,,,,,,,,,,,,,,,,,,,,,,,,,,,,,,
9999,9999999,AE9,AD10,,AE11,AD12,,AE16,AD17,,AE19,AD20,,AE22,AD23,,,,,,,,,,,,,,,,,,,,,,,,,,,,,,,
9999,9999999,AE21,BM22,,,,,,,,,,,,,,,,,,,,,,,,,,,,,,,,,,,,,,,,,,,
9999,9999999,AE9,BI10,,AE17,BI18,,,,,,,,,,,,,,,,,,,,,,,,,,,,,,,,,,,,,,,,
9999,9999999,AE1,AT2,,AE8,AT9,,AE17,AT18,,,,,,,,,,,,,,,,,,,,,,,,,,,,,,,,,,,,,
9999,9999999,AE12,BN13,,,,,,,,,,,,,,,,,,,,,,,,,,,,,,,,,,,,,,,,,,,
9999,9999999,AE3,C4,,AE6,C7,,AE9,C10,,AE12,C13,,AE15,C16,,AE18,C19,,AE21,C22,,,,,,,,,,,,,,,,,,,,,,,,,
9999,9999999,AE2,V3,,AE11,V12,,AE17,V18,,AE21,V22,,,,,,,,,,,,,,,,,,,,,,,,,,,,,,,,,,
9999,9999999,BG6,BL7,,BG16,BL17,,,,,,,,,,,,,,,,,,,,,,,,,,,,,,,,,,,,,,,,
9999,9999999,BG6,BL7,V8,,BG16,BL17,V18,,,,,,,,,,,,,,,,,,,,,,,,,,,,,,,,,,,,,,
9999,9999999,AD12,AU15,AD17,,AD16,AU19,AD21,,,,,,,,,,,,,,,,,,,,,,,,,,,,,,,,,,,,,,
9999,9999999,AS1,BL2,AS3,,AS4,BL5,AS6,,AS7,BL8,AS9,,AS10,BL11,AS12,,AS13,BL14,AS15,,AS16,BL17,AS18,,AS19,BL20,AS21,,,,,,,,,,,,,,,,,,
9999,9999999,BL5,AD6,,BL8,AD9,,,,,,,,,,,,,,,,,,,,,,,,,,,,,,,,,,,,,,,,
9999,9999999,AS8,AY10,AS12,,AS14,AY16,AS18,,AS20,AY22,AS24,,,,,,,,,,,,,,,,,,,,,,,,,,,,,,,,,,
9999,9999999,AD19,BK22,AD24,,,,,,,,,,,,,,,,,,,,,,,,,,,,,,,,,,,,,,,,,,
9999,9999999,AS3,AD6,AS8,,AS7,AD9,AS11,,AS10,AD12,AS14,,AS13,AD15,AS18,,AS15,AD17,AS20,,AS19,AD21,AS23,,,,,,,,,,,,,,,,,,,,,,
9999,9999999,AS4,BM6,AS8,,AS7,BM9,AS11,,AS8,BM9,AS12,,AS10,BM12,AS14,,AS13,BM15,AS17,,AS14,BM15,AS18,,AS16,BM18,AS20,,AS19,BM21,AS23,,AS22,BM24,AS26,,,,,,,,,,
9999,9999999,AS8,BE10,AS12,,AS14,BE16,AS18,,,,,,,,,,,,,,,,,,,,,,,,,,,,,,,,,,,,,,
9999,9999999,AS3,BP4,,AS21,BP22,,AS22,BP23,,,,,,,,,,,,,,,,,,,,,,,,,,,,,,,,,,,,,
9999,9999999,AS4,AX6,AS8,,AS7,AX9,AS11,,AS10,AX12,AS14,,AS13,AX15,AS17,,AS16,AX18,AS20,,AS19,AX21,AS23,,AS22,AX24,AS26,,,,,,,,,,,,,,,,,,
9999,9999999,AS6,BD7,AS8,,AS12,BD13,AS14,,AS15,BD16,AS17,,AS21,BD22,AS23,,,,,,,,,,,,,,,,,,,,,,,,,,,,,,
9999,9999999,AS2,C4,AS5,,AS3,C4,AS6,,AS6,C7,AS9,,AS8,C10,AS11,,AS9,C10,AS12,,AS11,C13,AS14,,AS12,C13,AS15,,AS15,C16,AS18,,AS18,C19,AS21,,AS21,C22,AS24,,,,,,
9999,9999999,AD14,BI16,AD18,,AD19,BI22,AD24,,,,,,,,,,,,,,,,,,,,,,,,,,,,,,,,,,,,,,
9999,9999999,AD14,BJ16,AD18,,AD21,BJ24,,,,,,,,,,,,,,,,,,,,,,,,,,,,,,,,,,,,,,,
9999,9999999,BO5,AS6,,BO11,AS12,,BO17,AS18,,,,,,,,,,,,,,,,,,,,,,,,,,,,,,,,,,,,,
9999,9999999,BP14,AS15,,BP15,AS16,,BP16,AS17,,,,,,,,,,,,,,,,,,,,,,,,,,,,,,,,,,,,,
9999,9999999,BN4,BQ5,,BN7,BQ8,,BN10,BQ11,,BN13,BQ14,,BN16,BQ17,,,,,,,,,,,,,,,,,,,,,,,,,,,,,,,
